Unnamed: 0,Molecule Name,SMILES,Mean activity (%),Standard Deviation
0,PCM-0223662,Clc1ccc2[C@@H](CN(CC(=O)Nc3ccc(Br)c(Cl)c3Cl)Cc2c1)C(=O)Nc4cncc5ccccc45,79.7,0.3
2,PCM-0223661,Clc1ccc2[C@@H](CN(CC(=O)Nc3nc4c(Cl)cccc4s3)Cc2c1)C(=O)Nc5cncc6ccccc56,79.1,0.1
4,PCM-0223660,FC(F)(F)c1ccc(CN2CCN(CC2)C(=O)CN3C[C@@H](C(=O)Nc4cncc5ccccc45)c6ccc(Cl)cc6C3)cc1,76.5,0.5
6,PCM-0223659,Clc1ccc2[C@@H](CN(CC(=O)N3CCC(CC3)NC(=O)c4ccccc4)Cc2c1)C(=O)Nc5cncc6ccccc56,70.7,0.3
8,PCM-0223658,COc1cccc(CCNC(=O)CN2C[C@@H](C(=O)Nc3cncc4ccccc34)c5ccc(Cl)cc5C2)c1,24.6,0.5
10,PCM-0223657,Cc1nccn1c2ccc(NC(=O)CN3C[C@@H](C(=O)Nc4cncc5ccccc45)c6ccc(Cl)cc6C3)cc2,16.5,0.3
12,PCM-0223656,Fc1cc(F)c(F)c(NC(=O)CN2C[C@@H](C(=O)Nc3cncc4ccccc34)c5ccc(Cl)cc5C2)c1F,80.0,0.3
14,PCM-0223655,Clc1ccc2[C@@H](CN(CC(=O)N(C3CCCCC3)C4CCCCC4)Cc2c1)C(=O)Nc5cncc6ccccc56,79.3,0.8
16,PCM-0223654,FC(F)(F)c1ccc(NC(=O)CN2C[C@@H](C(=O)Nc3cncc4ccccc34)c5ccc(Cl)cc5C2)cc1,80.9,0.2
18,PCM-0223653,CN(C1CCN(C1)C(=O)CN2CC(C(=O)Nc3cncc4ccccc34)c5ccc(Cl)cc5C2)C(=O)OC(C)(C)C,58.9,0.7
20,PCM-0223652,Clc1ccc2[C@@H](CN(CC(=O)Nc3ccc4nccnc4c3Br)Cc2c1)C(=O)Nc5cncc6ccccc56,50.8,0.6
22,PCM-0223651,FC(F)(F)c1nnc(NC(=O)CN2C[C@@H](C(=O)Nc3cncc4ccccc34)c5ccc(Cl)cc5C2)s1,79.8,0.2
24,PCM-0223650,NC(=O)c1c2CCCCc2sc1NC(=O)CN3C[C@@H](C(=O)Nc4cncc5ccccc45)c6ccc(Cl)cc6C3,44.3,0.3
26,PCM-0223649,Clc1ccc2[C@@H](CN(CC(=O)N3CCN(CC3)C(=O)c4occc4)Cc2c1)C(=O)Nc5cncc6ccccc56,74.0,1.7
28,PCM-0223648,Clc1ccc2[C@@H](CN(CC(=O)NCc3cccc(Br)c3)Cc2c1)C(=O)Nc4cncc5ccccc45,8.0,0.1
30,PCM-0223647,CNC(=O)c1ccccc1NC(=O)CN2C[C@@H](C(=O)Nc3cncc4ccccc34)c5ccc(Cl)cc5C2,71.1,0.5
32,PCM-0223646,Clc1ccc2[C@@H](CN(CC(=O)Nc3ccc(OCc4ccccn4)c(Cl)c3)Cc2c1)C(=O)Nc5cncc6ccccc56,79.7,0.1
34,PCM-0223645,Clc1ccc2[C@@H](CN(CC(=O)N3CCN(CC3)C(=O)OCc4ccccc4)Cc2c1)C(=O)Nc5cncc6ccccc56,87.5,0.2
36,PCM-0223644,CN1N(C(=O)C(=C1C)NC(=O)CN2C[C@@H](C(=O)Nc3cncc4ccccc34)c5ccc(Cl)cc5C2)c6ccccc6,20.7,0.6
38,PCM-0223643,Clc1ccc2[C@@H](CN(CC(=O)Nc3ncnc(Cl)c3Cl)Cc2c1)C(=O)Nc4cncc5ccccc45,82.4,0.4
40,PCM-0223642,Clc1ccc2[C@@H](CN(CC(=O)Nc3ccc(cc3)N4CCOCC4=O)Cc2c1)C(=O)Nc5cncc6ccccc56,8.6,0.0
42,PCM-0223641,Clc1ccc2[C@@H](CN(CC(=O)Nc3cccc(Cl)c3C#N)Cc2c1)C(=O)Nc4cncc5ccccc45,79.5,1.3
44,PCM-0223640,Clc1ccc2[C@@H](CN(CC(=O)Nc3ccc4cc(Br)ccc4c3)Cc2c1)C(=O)Nc5cncc6ccccc56,83.3,0.1
46,PCM-0223639,Clc1ccc2[C@@H](CN(CC(=O)Nc3ccc(I)cc3)Cc2c1)C(=O)Nc4cncc5ccccc45,50.9,0.3
48,PCM-0223638,CC(=O)Nc1ccc(NC(=O)CN2C[C@@H](C(=O)Nc3cncc4ccccc34)c5ccc(Cl)cc5C2)cc1,4.8,0.1
50,PCM-0223637,CN(C)C(=O)CN1CCN(CC1)C(=O)CN2C[C@@H](C(=O)Nc3cncc4ccccc34)c5ccc(Cl)cc5C2,66.5,0.5
52,PCM-0223636,Clc1ccc2[C@@H](CN(CC(=O)Nc3cc(Cl)nc(Cl)n3)Cc2c1)C(=O)Nc4cncc5ccccc45,82.3,0.9
54,PCM-0223635,N[C@@H](Cc1ccc(O)cc1)C(=O)NC(=O)CN2CC(C(=O)Nc3cncc4ccccc34)c5ccc(Cl)cc5C2,17.0,0.5
56,PCM-0223634,Clc1ccc2[C@@H](CN(CC(=O)Nc3cnc(Br)c(Cl)n3)Cc2c1)C(=O)Nc4cncc5ccccc45,81.0,1.1
58,PCM-0223633,CC(C)(C)OC(=O)NC1CN(C1)C(=O)CN2C[C@@H](C(=O)Nc3cncc4ccccc34)c5ccc(Cl)cc5C2,62.7,0.0
60,PCM-0223632,[O-][N+](=O)c1ccc(NC(=O)CN2C[C@@H](C(=O)Nc3cncc4ccccc34)c5ccc(Cl)cc5C2)c(Cl)c1,77.7,0.4
62,PCM-0223631,Cc1cc(F)cc(Br)c1NC(=O)CN2C[C@@H](C(=O)Nc3cncc4ccccc34)c5ccc(Cl)cc5C2,82.0,0.1
64,PCM-0223630,CN(C1CCN(CC1)C(=O)OC(C)(C)C)C(=O)CN2C[C@@H](C(=O)Nc3cncc4ccccc34)c5ccc(Cl)cc5C2,74.1,1.2
66,PCM-0223629,CN(Cc1ccccc1NC(=O)CN2C[C@@H](C(=O)Nc3cncc4ccccc34)c5ccc(Cl)cc5C2)C6CCCCC6,36.1,0.8
68,PCM-0223628,Cc1nc(NC(=O)CN2C[C@@H](C(=O)Nc3cncc4ccccc34)c5ccc(Cl)cc5C2)ccc1Br,71.4,0.5
70,PCM-0223627,[O-][N+](=O)c1cc(F)cc(F)c1NC(=O)CN2C[C@@H](C(=O)Nc3cncc4ccccc34)c5ccc(Cl)cc5C2,81.1,0.7
72,PCM-0223626,Clc1ccc2[C@@H](CN(CC(=O)NCCCN3CCS(=O)(=O)CC3)Cc2c1)C(=O)Nc4cncc5ccccc45,19.8,0.2
74,PCM-0223625,Clc1ccc2[C@@H](CN(CC(=O)Nc3nc(Cl)nc4nc[nH]c34)Cc2c1)C(=O)Nc5cncc6ccccc56,72.0,1.7
76,PCM-0223624,Cc1cn(cn1)c2cc(NC(=O)CN3C[C@@H](C(=O)Nc4cncc5ccccc45)c6ccc(Cl)cc6C3)cc(c2)C(F)(F)F,79.8,0.6
78,PCM-0223623,COc1ccc(NC(=O)C)cc1NC(=O)CN2C[C@@H](C(=O)Nc3cncc4ccccc34)c5ccc(Cl)cc5C2,41.3,0.2
80,PCM-0223622,Clc1ccc2[C@@H](CN(CC(=O)Nc3ccc(Br)nc3)Cc2c1)C(=O)Nc4cncc5ccccc45,65.1,0.1
82,PCM-0223621,CCC1(CCC(=O)N(C(=O)CN2CC(C(=O)Nc3cncc4ccccc34)c5ccc(Cl)cc5C2)C1=O)c6ccc(N)cc6,34.8,0.0
84,PCM-0223620,Clc1ccc2[C@@H](CN(CC(=O)Nc3cccc4C(=O)NNC(=O)c34)Cc2c1)C(=O)Nc5cncc6ccccc56,71.4,0.8
86,PCM-0223619,Clc1ccc2C(CN(CC(=O)NCC(N3CCOCC3)c4cccnc4)Cc2c1)C(=O)Nc5cncc6ccccc56,34.9,0.5
88,PCM-0223618,Clc1ccc2[C@@H](CN(CC(=O)Nc3nnc(Cl)cc3Br)Cc2c1)C(=O)Nc4cncc5ccccc45,77.7,0.3
90,PCM-0223617,CCn1c2ccccc2c3cc(NC(=O)CN4C[C@@H](C(=O)Nc5cncc6ccccc56)c7ccc(Cl)cc7C4)ccc13,78.3,4.1
92,PCM-0223616,O[C@H]([C@H](NC(=O)CN1CC(C(=O)Nc2cncc3ccccc23)c4ccc(Cl)cc4C1)c5ccccc5)c6ccccc6,13.2,0.6
94,PCM-0223615,Clc1ccc2[C@@H](CN(CC(=O)Nc3ccncc3I)Cc2c1)C(=O)Nc4cncc5ccccc45,79.1,0.2
96,PCM-0223614,Fc1ccc(NC(=O)CN2C[C@@H](C(=O)Nc3cncc4ccccc34)c5ccc(Cl)cc5C2)c(Br)c1F,79.6,0.5
98,PCM-0223613,FC(F)(F)c1cc(Br)cc(NC(=O)CN2C[C@@H](C(=O)Nc3cncc4ccccc34)c5ccc(Cl)cc5C2)c1,78.9,0.2
100,PCM-0223612,CN1CCN(CC1)c2ccc(NC(=O)CN3C[C@@H](C(=O)Nc4cncc5ccccc45)c6ccc(Cl)cc6C3)cc2F,8.4,0.2
102,PCM-0223611,Clc1ccc2[C@@H](CN(CC(=O)Nc3ccnc(Br)c3)Cc2c1)C(=O)Nc4cncc5ccccc45,78.7,1.0
104,PCM-0223610,Clc1ccc2C(CN(CC(=O)N3CCc4ccccc4C3c5ccccc5)Cc2c1)C(=O)Nc6cncc7ccccc67,66.8,2.0
106,PCM-0223609,Clc1ccc2[C@@H](CN(CC(=O)Nc3n[nH]c4ccc(Br)cc34)Cc2c1)C(=O)Nc5cncc6ccccc56,75.8,1.9
108,PCM-0223608,[O-][N+](=O)c1cncc(Br)c1NC(=O)CN2C[C@@H](C(=O)Nc3cncc4ccccc34)c5ccc(Cl)cc5C2,81.1,0.8
110,PCM-0223607,CCc1ccc(cc1NC(=O)CN2C[C@@H](C(=O)Nc3cncc4ccccc34)c5ccc(Cl)cc5C2)[N+](=O)[O-],78.5,0.4
112,PCM-0223606,CCCc1nn(C)c(C(=O)NC(=O)CN2C[C@@H](C(=O)Nc3cncc4ccccc34)c5ccc(Cl)cc5C2)c1N,19.8,0.4
114,PCM-0223605,CC(C)c1cccc(C(C)C)c1NC(=O)CN2C[C@@H](C(=O)Nc3cncc4ccccc34)c5ccc(Cl)cc5C2,38.5,0.4
116,PCM-0223604,Cc1cc(Br)cc(C)c1NC(=O)CN2C[C@@H](C(=O)Nc3cncc4ccccc34)c5ccc(Cl)cc5C2,69.5,0.6
118,PCM-0223603,Cc1ccc2ccccc2c1NC(=O)CN3C[C@@H](C(=O)Nc4cncc5ccccc45)c6ccc(Cl)cc6C3,41.1,0.1
120,PCM-0223602,Cc1ncc(CO)c(CNC(=O)CN2C[C@@H](C(=O)Nc3cncc4ccccc34)c5ccc(Cl)cc5C2)c1O,46.0,0.1
122,PCM-0223601,Fc1ccc(NC(=O)CN2C[C@@H](C(=O)Nc3cncc4ccccc34)c5ccc(Cl)cc5C2)c(I)c1,75.3,0.6
124,PCM-0223600,Fc1ccc(CNC(=O)CN2C[C@@H](C(=O)Nc3cncc4ccccc34)c5ccc(Cl)cc5C2)cc1Cl,17.6,0.1
126,PCM-0223599,COc1cccc(CNC(=O)CN2C[C@@H](C(=O)Nc3cncc4ccccc34)c5ccc(Cl)cc5C2)c1OC,33.6,11.1
128,PCM-0223598,FC(F)(F)c1ccccc1CCNC(=O)CN2C[C@@H](C(=O)Nc3cncc4ccccc34)c5ccc(Cl)cc5C2,17.9,0.0
130,PCM-0223597,CN1CCN(CC1)c2ccccc2NC(=O)CN3C[C@@H](C(=O)Nc4cncc5ccccc45)c6ccc(Cl)cc6C3,75.5,1.0
132,PCM-0223596,[O-][N+](=O)c1ccc(NC(=O)CN2C[C@@H](C(=O)Nc3cncc4ccccc34)c5ccc(Cl)cc5C2)c6ccccc16,77.6,0.9
134,PCM-0223595,C[C@H]1CN(CCN1C(=O)OC(C)(C)C)C(=O)CN2CC(C(=O)Nc3cncc4ccccc34)c5ccc(Cl)cc5C2,67.8,0.5
136,PCM-0223594,Fc1ccc(NC(=O)CN2C[C@@H](C(=O)Nc3cncc4ccccc34)c5ccc(Cl)cc5C2)cc1Br,61.5,0.7
138,PCM-0223593,Clc1ccc2[C@@H](CN(CC(=O)Nc3cnc(Cl)c(Br)c3)Cc2c1)C(=O)Nc4cncc5ccccc45,81.5,0.6
140,PCM-0223592,CC(C)(C)c1csc(NC(=O)CN2C[C@@H](C(=O)Nc3cncc4ccccc34)c5ccc(Cl)cc5C2)n1,80.9,0.2
142,PCM-0223591,OC12CC3CC(C1)CC(C3)(C2)NC(=O)CN4CC(C(=O)Nc5cncc6ccccc56)c7ccc(Cl)cc7C4,3.6,0.0
144,PCM-0223590,Clc1ccc2[C@@H](CN(CC(=O)N3CCC(CC3)c4nc5ccccc5[nH]4)Cc2c1)C(=O)Nc6cncc7ccccc67,23.9,0.1
146,PCM-0223589,Cc1ccc(NC(=O)CN2C[C@@H](C(=O)Nc3cncc4ccccc34)c5ccc(Cl)cc5C2)cc1I,64.4,0.0
148,PCM-0223588,Fc1cnc(NC(=O)CN2C[C@@H](C(=O)Nc3cncc4ccccc34)c5ccc(Cl)cc5C2)c(Br)c1,86.5,0.1
150,PCM-0223587,COc1nc(Br)cnc1NC(=O)CN2C[C@@H](C(=O)Nc3cncc4ccccc34)c5ccc(Cl)cc5C2,84.9,2.3
152,PCM-0223586,OCCn1cnc2c(NC(=O)CN3C[C@@H](C(=O)Nc4cncc5ccccc45)c6ccc(Cl)cc6C3)ncnc12,84.0,0.9
154,PCM-0223585,CN(Cc1cccc2ccccc12)C(=O)CN3C[C@@H](C(=O)Nc4cncc5ccccc45)c6ccc(Cl)cc6C3,41.3,3.9
156,PCM-0223584,Clc1ccc2[C@@H](CN(CC(=O)Nc3ccc(Cl)nc3Cl)Cc2c1)C(=O)Nc4cncc5ccccc45,83.9,0.9
158,PCM-0223583,Clc1ccc2[C@@H](CN(CC(=O)Nc3c(cnn3c4ccccn4)C#N)Cc2c1)C(=O)Nc5cncc6ccccc56,84.0,0.3
160,PCM-0223582,[O-][N+](=O)c1ccc(NC(=O)CN2C[C@@H](C(=O)Nc3cncc4ccccc34)c5ccc(Cl)cc5C2)cc1,83.6,0.6
162,PCM-0223581,Cc1n[nH]c(NC(=O)CN2C[C@@H](C(=O)Nc3cncc4ccccc34)c5ccc(Cl)cc5C2)c1Br,63.3,0.7
164,PCM-0223580,Clc1ccc2[C@@H](CN(CC(=O)N3CCN(CC3)C(=O)C4CC4)Cc2c1)C(=O)Nc5cncc6ccccc56,64.5,0.2
166,PCM-0223579,OC[C@@H](Cc1ccccc1)NC(=O)CN2CC(C(=O)Nc3cncc4ccccc34)c5ccc(Cl)cc5C2,26.2,0.1
168,PCM-0223578,Cc1cc(Br)c(NC(=O)CN2C[C@@H](C(=O)Nc3cncc4ccccc34)c5ccc(Cl)cc5C2)c(c1)[N+](=O)[O-],84.5,0.5
170,PCM-0223577,Cc1nc(Cl)c(NC(=O)CN2C[C@@H](C(=O)Nc3cncc4ccccc34)c5ccc(Cl)cc5C2)c(Cl)n1,83.6,0.4
172,PCM-0223576,Fc1cc(Br)cc(F)c1NC(=O)CN2C[C@@H](C(=O)Nc3cncc4ccccc34)c5ccc(Cl)cc5C2,83.8,0.2
174,PCM-0223575,Clc1ccc2[C@@H](CN(CC(=O)Nc3ccc(cc3)c4ccccc4)Cc2c1)C(=O)Nc5cncc6ccccc56,71.5,1.6
176,PCM-0223574,Clc1ccc2[C@@H](CN(CC(=O)Nc3ccc(cc3I)C#N)Cc2c1)C(=O)Nc4cncc5ccccc45,84.5,0.0
178,PCM-0223573,COc1cc(Cl)c(C)cc1NC(=O)CN2C[C@@H](C(=O)Nc3cncc4ccccc34)c5ccc(Cl)cc5C2,85.9,1.4
180,PCM-0223572,CC(C)(C)c1ccc(O)c(NC(=O)CN2C[C@@H](C(=O)Nc3cncc4ccccc34)c5ccc(Cl)cc5C2)c1,68.8,1.0
182,PCM-0223571,Clc1ccc2[C@@H](CN(CC(=O)Nc3cccc(c3)c4ccccc4)Cc2c1)C(=O)Nc5cncc6ccccc56,80.0,2.2
184,PCM-0223570,Fc1ccc(NC(=O)CN2C[C@@H](C(=O)Nc3cncc4ccccc34)c5ccc(Cl)cc5C2)c(Br)c1,83.1,0.3
186,PCM-0223569,Fc1cccc(CN2CCN(CC2)C(=O)CN3C[C@@H](C(=O)Nc4cncc5ccccc45)c6ccc(Cl)cc6C3)c1,66.4,0.0
188,PCM-0223568,OC(CNC(=O)CN1CC(C(=O)Nc2cncc3ccccc23)c4ccc(Cl)cc4C1)c5ccc(O)cc5,15.9,0.1
190,PCM-0223567,FC(F)(F)c1nnc2CN(CCn12)C(=O)CN3C[C@@H](C(=O)Nc4cncc5ccccc45)c6ccc(Cl)cc6C3,64.5,0.1
192,PCM-0223566,Oc1c(Cl)cc(NC(=O)CN2C[C@@H](C(=O)Nc3cncc4ccccc34)c5ccc(Cl)cc5C2)cc1Cl,44.7,1.3
194,PCM-0223565,CN(Cc1cccc(c1)[N+](=O)[O-])C(=O)CN2C[C@@H](C(=O)Nc3cncc4ccccc34)c5ccc(Cl)cc5C2,61.9,1.3
196,PCM-0223564,FC(F)(F)c1nc(NC(=O)CN2C[C@@H](C(=O)Nc3cncc4ccccc34)c5ccc(Cl)cc5C2)ncc1Br,87.4,2.2
198,PCM-0223563,Clc1ccc2[C@@H](CN(CC(=O)N3CCOCC3)Cc2c1)C(=O)Nc4cncc5ccccc45,51.8,0.5
200,PCM-0223562,CC(C)(C)N(Cc1ccccc1)C(=O)CN2C[C@@H](C(=O)Nc3cncc4ccccc34)c5ccc(Cl)cc5C2,84.5,0.5
202,PCM-0223561,Clc1ccc2[C@@H](CN(CC(=O)NCCc3ccc(Cl)c(Cl)c3)Cc2c1)C(=O)Nc4cncc5ccccc45,12.4,1.8
204,PCM-0223560,CCOC(=O)C1CCCN(C1)C(=O)CN2CC(C(=O)Nc3cncc4ccccc34)c5ccc(Cl)cc5C2,33.7,0.3
206,PCM-0223559,Clc1ccc2[C@@H](CN(CC(=O)Nc3ccccc3c4nc5ccccc5[nH]4)Cc2c1)C(=O)Nc6cncc7ccccc67,84.7,0.3
208,PCM-0223558,Cc1c(Br)cnc(NC(=O)CN2C[C@@H](C(=O)Nc3cncc4ccccc34)c5ccc(Cl)cc5C2)c1[N+](=O)[O-],71.1,0.6
210,PCM-0223557,[O-][N+](=O)c1c(F)cccc1NC(=O)CN2C[C@@H](C(=O)Nc3cncc4ccccc34)c5ccc(Cl)cc5C2,87.7,0.1
212,PCM-0223556,Clc1ccc2[C@@H](CN(CC(=O)Nc3nnc(s3)c4ccncc4)Cc2c1)C(=O)Nc5cncc6ccccc56,63.7,0.1
214,PCM-0223555,FC(F)(F)Oc1ccc(Cl)cc1NC(=O)CN2C[C@@H](C(=O)Nc3cncc4ccccc34)c5ccc(Cl)cc5C2,87.8,0.1
216,PCM-0223554,Fc1cccc(Br)c1NC(=O)CN2C[C@@H](C(=O)Nc3cncc4ccccc34)c5ccc(Cl)cc5C2,22.9,0.0
218,PCM-0223553,Clc1ccc2[C@@H](CN(CC(=O)NCc3ccc(cc3)c4ccccc4)Cc2c1)C(=O)Nc5cncc6ccccc56,54.4,10.6
220,PCM-0223552,COc1ccc(NC(=O)CN2C[C@@H](C(=O)Nc3cncc4ccccc34)c5ccc(Cl)cc5C2)c(c1)[N+](=O)[O-],80.6,0.4
222,PCM-0223551,Clc1ccc(CCNC(=O)CN2C[C@@H](C(=O)Nc3cncc4ccccc34)c5ccc(Cl)cc5C2)c(Cl)c1,15.3,0.0
224,PCM-0223550,COc1cc2CCN(Cc2cc1OC)C(=O)CN3C[C@@H](C(=O)Nc4cncc5ccccc45)c6ccc(Cl)cc6C3,72.4,0.2
226,PCM-0223549,CC1=CC(=O)Oc2cc(NC(=O)CN3C[C@@H](C(=O)Nc4cncc5ccccc45)c6ccc(Cl)cc6C3)ccc12,68.7,1.7
228,PCM-0223548,Oc1c(Cl)cc(Cl)cc1NC(=O)CN2C[C@@H](C(=O)Nc3cncc4ccccc34)c5ccc(Cl)cc5C2,31.2,0.3
230,PCM-0223547,Cc1ccc(NC(=O)CN2C[C@@H](C(=O)Nc3cncc4ccccc34)c5ccc(Cl)cc5C2)cc1Br,50.3,0.3
232,PCM-0223546,FC(F)(F)C1CCN(CC1)C(=O)CN2C[C@@H](C(=O)Nc3cncc4ccccc34)c5ccc(Cl)cc5C2,44.1,0.9
234,PCM-0223545,Cc1c(Br)cccc1NC(=O)CN2C[C@@H](C(=O)Nc3cncc4ccccc34)c5ccc(Cl)cc5C2,58.9,0.5
236,PCM-0223544,Clc1ccc2[C@@H](CN(CC(=O)Nc3ccccc3)Cc2c1)C(=O)Nc4cncc5ccccc45,9.9,0.1
238,PCM-0223543,Clc1ccc2[C@@H](CN(CC(=O)NCc3c(Cl)cccc3Cl)Cc2c1)C(=O)Nc4cncc5ccccc45,66.2,23.6
240,PCM-0223542,Clc1ccc2[C@@H](CN(CC(=O)Nc3cccc(I)c3)Cc2c1)C(=O)Nc4cncc5ccccc45,63.2,0.3
242,PCM-0223541,Clc1ccc2[C@@H](CN(CC(=O)N3CCC(=CC3)c4ccccc4)Cc2c1)C(=O)Nc5cncc6ccccc56,69.7,1.6
244,PCM-0223540,Clc1ccc2[C@@H](CN(CC(=O)Nc3ccc(Br)c4ccccc34)Cc2c1)C(=O)Nc5cncc6ccccc56,78.2,0.6
246,PCM-0223539,FC(F)(F)c1cc(NC(=O)CN2C[C@@H](C(=O)Nc3cncc4ccccc34)c5ccc(Cl)cc5C2)ccc1Br,80.1,0.6
248,PCM-0223538,Fc1cc(C#N)c(F)cc1NC(=O)CN2C[C@@H](C(=O)Nc3cncc4ccccc34)c5ccc(Cl)cc5C2,73.4,0.3
250,PCM-0223537,COc1cc(CNC(=O)CN2C[C@@H](C(=O)Nc3cncc4ccccc34)c5ccc(Cl)cc5C2)ccc1O,5.6,0.2
252,PCM-0223536,COc1cc2nc(Cl)nc(NC(=O)CN3C[C@@H](C(=O)Nc4cncc5ccccc45)c6ccc(Cl)cc6C3)c2cc1OC,79.0,1.0
254,PCM-0223535,Oc1ccccc1N2CCN(CC2)C(=O)CN3C[C@@H](C(=O)Nc4cncc5ccccc45)c6ccc(Cl)cc6C3,20.5,0.4
256,PCM-0223534,CCN(Cc1ccc(F)cc1)C(=O)CN2C[C@@H](C(=O)Nc3cncc4ccccc34)c5ccc(Cl)cc5C2,39.2,0.7
258,PCM-0223533,Clc1ccc2[C@@H](CN(CC(=O)Nc3cccc(Br)c3)Cc2c1)C(=O)Nc4cncc5ccccc45,59.7,0.7
260,PCM-0223532,Cc1cc(Br)c(Cl)cc1NC(=O)CN2C[C@@H](C(=O)Nc3cncc4ccccc34)c5ccc(Cl)cc5C2,82.4,0.8
262,PCM-0223531,Clc1ccc2[C@@H](CN(CC(=O)Nc3ccc(Cl)cc3C#N)Cc2c1)C(=O)Nc4cncc5ccccc45,82.6,0.3
264,PCM-0223530,FC(F)(F)c1ccc(N2CCCC2)c(NC(=O)CN3C[C@@H](C(=O)Nc4cncc5ccccc45)c6ccc(Cl)cc6C3)c1,75.2,0.2
266,PCM-0223529,Oc1c(NC(=O)CN2C[C@@H](C(=O)Nc3cncc4ccccc34)c5ccc(Cl)cc5C2)ccc6ccccc16,27.5,1.6
268,PCM-0223528,Clc1ccc2[C@@H](CN(CC(=O)Nc3ccc(cc3)n4ccnc4)Cc2c1)C(=O)Nc5cncc6ccccc56,19.4,0.3
270,PCM-0223527,CN(Cc1ccccc1Br)C(=O)CN2C[C@@H](C(=O)Nc3cncc4ccccc34)c5ccc(Cl)cc5C2,59.5,4.9
272,PCM-0223526,Clc1ccc2[C@@H](CN(CC(=O)Nc3c(Cl)cncc3Cl)Cc2c1)C(=O)Nc4cncc5ccccc45,83.1,0.1
274,PCM-0223525,Clc1ccc2[C@@H](CN(CC(=O)NCc3ccccc3)Cc2c1)C(=O)Nc4cncc5ccccc45,9.5,0.4
276,PCM-0223524,CCOc1ccc(CNC(=O)CN2C[C@@H](C(=O)Nc3cncc4ccccc34)c5ccc(Cl)cc5C2)cc1,15.8,0.1
278,PCM-0223523,COc1cc(CNC(=O)CN2C[C@@H](C(=O)Nc3cncc4ccccc34)c5ccc(Cl)cc5C2)cc(OC)c1,9.5,0.1
280,PCM-0223522,C[C@H]1CN(CCN1C(=O)CN2CC(C(=O)Nc3cncc4ccccc34)c5ccc(Cl)cc5C2)C(=O)OC(C)(C)C,64.6,0.1
282,PCM-0223521,Clc1ccc2[C@@H](CN(CC(=O)NC3CCN(Cc4ccccc4)CC3)Cc2c1)C(=O)Nc5cncc6ccccc56,23.8,0.1
284,PCM-0223520,Cc1cnc(NC(=O)CN2C[C@@H](C(=O)Nc3cncc4ccccc34)c5ccc(Cl)cc5C2)c(c1)[N+](=O)[O-],81.7,0.3
286,PCM-0223519,NC(=O)c1ccc(Cl)c(NC(=O)CN2C[C@@H](C(=O)Nc3cncc4ccccc34)c5ccc(Cl)cc5C2)c1,40.8,0.6
288,PCM-0223518,Clc1ccc2[C@@H](CN(CC(=O)Nc3ncccc3OCc4ccccc4)Cc2c1)C(=O)Nc5cncc6ccccc56,78.9,0.2
290,PCM-0223517,Cc1cc(NC(=O)CN2C[C@@H](C(=O)Nc3cncc4ccccc34)c5ccc(Cl)cc5C2)cc(C)c1Br,85.9,2.1
292,PCM-0223516,[O-][N+](=O)c1ccc(NC(=O)CN2C[C@@H](C(=O)Nc3cncc4ccccc34)c5ccc(Cl)cc5C2)c(c1)C(F)(F)F,83.0,1.2
294,PCM-0223515,COc1ncc(NC(=O)CN2C[C@@H](C(=O)Nc3cncc4ccccc34)c5ccc(Cl)cc5C2)cc1Br,54.8,1.0
296,PCM-0223514,Clc1ccc2[C@@H](CN(CC(=O)Nc3cnc(Br)cn3)Cc2c1)C(=O)Nc4cncc5ccccc45,86.5,1.5
298,PCM-0223513,[O-][N+](=O)c1ccc(cc1)n2ncc(C#N)c2NC(=O)CN3C[C@@H](C(=O)Nc4cncc5ccccc45)c6ccc(Cl)cc6C3,83.5,1.2
300,PCM-0223512,FC(F)(F)c1cccnc1NC(=O)CN2C[C@@H](C(=O)Nc3cncc4ccccc34)c5ccc(Cl)cc5C2,85.0,0.3
302,PCM-0223511,Cc1cccc(C)c1NC(=O)CN2CCN(CC2)C(=O)CN3C[C@@H](C(=O)Nc4cncc5ccccc45)c6ccc(Cl)cc6C3,65.5,12.1
304,PCM-0223510,Cc1cc(NC(=O)CN2C[C@@H](C(=O)Nc3cncc4ccccc34)c5ccc(Cl)cc5C2)cnc1Br,82.2,0.6
306,PCM-0223509,FC(F)(F)c1cccc(NC(=O)CN2C[C@@H](C(=O)Nc3cncc4ccccc34)c5ccc(Cl)cc5C2)n1,83.8,0.7
308,PCM-0223508,CC(C)(C)c1cc(NC(=O)CN2C[C@@H](C(=O)Nc3cncc4ccccc34)c5ccc(Cl)cc5C2)n(n1)c6ccccc6,84.5,1.4
310,PCM-0223507,COc1cc(NC(=O)CN2C[C@@H](C(=O)Nc3cncc4ccccc34)c5ccc(Cl)cc5C2)ccc1Br,67.1,0.9
312,PCM-0223506,Clc1ccc2[C@@H](CN(CC(=O)Nc3ccc(cc3)n4cccn4)Cc2c1)C(=O)Nc5cncc6ccccc56,19.7,0.3
314,PCM-0223505,FC1(F)Oc2ccc(NC(=O)CN3C[C@@H](C(=O)Nc4cncc5ccccc45)c6ccc(Cl)cc6C3)cc2O1,62.0,0.7
316,PCM-0223504,C[C@H](NC(=O)CN1CC(C(=O)Nc2cncc3ccccc23)c4ccc(Cl)cc4C1)c5ccc(cc5)[N+](=O)[O-],18.7,0.1
318,PCM-0223503,COc1ccc(CNC(=O)CN2C[C@@H](C(=O)Nc3cncc4ccccc34)c5ccc(Cl)cc5C2)c(OC)c1,19.1,0.0
320,PCM-0223502,Clc1ccc2[C@@H](CN(CC(=O)Nc3ccccc3I)Cc2c1)C(=O)Nc4cncc5ccccc45,81.6,0.6
322,PCM-0223501,Clc1ccc2[C@@H](CN(CC(=O)N3CCC(CC3)Oc4ccccc4)Cc2c1)C(=O)Nc5cncc6ccccc56,71.5,3.5
324,PCM-0223500,Clc1ccc2[C@@H](CN(CC(=O)Nc3cc(Cl)cnc3Br)Cc2c1)C(=O)Nc4cncc5ccccc45,81.9,3.4
326,PCM-0223499,FC(F)(F)Oc1ccc(NC(=O)CN2C[C@@H](C(=O)Nc3cncc4ccccc34)c5ccc(Cl)cc5C2)c(Cl)c1,85.2,0.3
328,PCM-0223498,Fc1cc(I)ccc1NC(=O)CN2C[C@@H](C(=O)Nc3cncc4ccccc34)c5ccc(Cl)cc5C2,68.3,0.3
330,PCM-0223497,Clc1ccc2[C@@H](CN(CC(=O)Nc3nc(cs3)c4ccc(Cl)c(Cl)c4)Cc2c1)C(=O)Nc5cncc6ccccc56,24.6,0.0
332,PCM-0223496,[O-][N+](=O)c1cccc(c1)N2CCN(CC2)C(=O)CN3C[C@@H](C(=O)Nc4cncc5ccccc45)c6ccc(Cl)cc6C3,77.0,7.2
334,PCM-0223495,Clc1ccc2[C@@H](CN(CC(=O)Nc3ccc(Oc4ccccc4Cl)cc3)Cc2c1)C(=O)Nc5cncc6ccccc56,88.0,0.4
336,PCM-0223494,Clc1ccc2[C@@H](CN(CC(=O)N3CCc4c(C3)[nH]c5ccccc45)Cc2c1)C(=O)Nc6cncc7ccccc67,72.1,0.9
338,PCM-0223493,COc1cc(NC(=O)CN2C[C@@H](C(=O)Nc3cncc4ccccc34)c5ccc(Cl)cc5C2)nc(OC)n1,84.3,0.7
340,PCM-0223492,Cc1ccc(c(NC(=O)CN2C[C@@H](C(=O)Nc3cncc4ccccc34)c5ccc(Cl)cc5C2)c1)[N+](=O)[O-],84.6,0.7
342,PCM-0223491,Clc1ccc2[C@@H](CN(CC(=O)Nc3cccnc3Br)Cc2c1)C(=O)Nc4cncc5ccccc45,85.7,0.8
344,PCM-0223490,CC(=O)N(C(=O)CN1C[C@@H](C(=O)Nc2cncc3ccccc23)c4ccc(Cl)cc4C1)c5ccc(N)c(c5)C(F)(F)F,84.8,0.6
346,PCM-0223489,Fc1cc(F)c(NC(=O)CN2C[C@@H](C(=O)Nc3cncc4ccccc34)c5ccc(Cl)cc5C2)cc1Cl,81.6,0.2
348,PCM-0223488,CN1C(=O)c2ccc(NC(=O)CN3C[C@@H](C(=O)Nc4cncc5ccccc45)c6ccc(Cl)cc6C3)cc2C1=O,84.1,2.6
350,PCM-0223487,COc1ccc(cc1)[C@H](C)NC(=O)CN2CC(C(=O)Nc3cncc4ccccc34)c5ccc(Cl)cc5C2,23.6,0.1
352,PCM-0223486,FC(F)(F)c1ccnc(NC(=O)CN2C[C@@H](C(=O)Nc3cncc4ccccc34)c5ccc(Cl)cc5C2)c1,79.8,0.1
354,PCM-0223485,Fc1cccc(CNC(=O)CN2C[C@@H](C(=O)Nc3cncc4ccccc34)c5ccc(Cl)cc5C2)c1Cl,35.1,0.2
356,PCM-0223484,Fc1ccc(Br)c(CNC(=O)CN2C[C@@H](C(=O)Nc3cncc4ccccc34)c5ccc(Cl)cc5C2)c1,16.6,2.5
358,PCM-0223483,CCc1cc(Br)ccc1NC(=O)CN2C[C@@H](C(=O)Nc3cncc4ccccc34)c5ccc(Cl)cc5C2,47.4,0.3
360,PCM-0223482,[O-][N+](=O)c1cc(NC(=O)CN2C[C@@H](C(=O)Nc3cncc4ccccc34)c5ccc(Cl)cc5C2)ccc1Br,83.4,0.6
362,PCM-0223481,Clc1ccc2[C@@H](CN(CC(=O)Nc3c(Cl)cc(cc3Cl)C#N)Cc2c1)C(=O)Nc4cncc5ccccc45,74.4,0.1
364,PCM-0223480,CC(C)Sc1ccccc1NC(=O)CN2C[C@@H](C(=O)Nc3cncc4ccccc34)c5ccc(Cl)cc5C2,80.5,1.6
366,PCM-0223479,Fc1cc(NC(=O)CN2C[C@@H](C(=O)Nc3cncc4ccccc34)c5ccc(Cl)cc5C2)cc(F)c1Br,85.2,0.8
368,PCM-0223478,COc1cc(NC(=O)CN2C[C@@H](C(=O)Nc3cncc4ccccc34)c5ccc(Cl)cc5C2)c(Cl)cc1Cl,77.4,1.4
370,PCM-0223477,CCS(=O)(=O)N1CCN(CC1)C(=O)CN2C[C@@H](C(=O)Nc3cncc4ccccc34)c5ccc(Cl)cc5C2,73.0,0.5
372,PCM-0223476,Oc1cc(Br)ccc1NC(=O)CN2C[C@@H](C(=O)Nc3cncc4ccccc34)c5ccc(Cl)cc5C2,47.0,0.5
374,PCM-0223475,Fc1c(NC(=O)CN2C[C@@H](C(=O)Nc3cncc4ccccc34)c5ccc(Cl)cc5C2)cccc1C(F)(F)F,82.0,2.0
376,PCM-0223474,Clc1ccc2[C@@H](CN(CC(=O)Nc3n[nH]cc3Br)Cc2c1)C(=O)Nc4cncc5ccccc45,59.5,2.2
378,PCM-0223473,Clc1ccc2[C@@H](CN(CC(=O)Nc3ncc(Br)nc3Cl)Cc2c1)C(=O)Nc4cncc5ccccc45,66.3,0.7
380,PCM-0223472,Clc1ccc2[C@@H](CN(CC(=O)Nc3ccccc3c4ccccc4)Cc2c1)C(=O)Nc5cncc6ccccc56,65.8,1.9
382,PCM-0223471,Clc1ccc2[C@@H](CN(CC(=O)NCC(c3ccccc3)c4ccccc4)Cc2c1)C(=O)Nc5cncc6ccccc56,34.1,1.9
384,PCM-0223470,Clc1ccc2[C@@H](CN(CC(=O)N3CCN(CC3)c4ccc(Br)cn4)Cc2c1)C(=O)Nc5cncc6ccccc56,75.7,0.9
386,PCM-0223469,COc1ccc(NC(=O)CN2C[C@@H](C(=O)Nc3cncc4ccccc34)c5ccc(Cl)cc5C2)cc1C(F)(F)F,43.5,1.1
388,PCM-0223468,Fc1cc(Br)ccc1CNC(=O)CN2C[C@@H](C(=O)Nc3cncc4ccccc34)c5ccc(Cl)cc5C2,18.7,0.7
390,PCM-0223467,CC(NC(=O)CN1CC(C(=O)Nc2cncc3ccccc23)c4ccc(Cl)cc4C1)c5cccc6ccccc56,12.0,0.4
392,PCM-0223466,Fc1cc(F)c(NC(=O)CN2C[C@@H](C(=O)Nc3cncc4ccccc34)c5ccc(Cl)cc5C2)c(Cl)c1,80.7,0.4
394,PCM-0223465,CN(C1CCN(Cc2ccccc2)C1)C(=O)CN3CC(C(=O)Nc4cncc5ccccc45)c6ccc(Cl)cc6C3,35.1,0.1
396,PCM-0223464,Cc1ccc(NC(=O)CN2C[C@@H](C(=O)Nc3cncc4ccccc34)c5ccc(Cl)cc5C2)c(Br)c1,75.8,1.1
398,PCM-0223463,Oc1c(NC(=O)CN2C[C@@H](C(=O)Nc3cncc4ccccc34)c5ccc(Cl)cc5C2)cc(Cl)cc1[N+](=O)[O-],81.0,0.9
400,PCM-0223462,Clc1ccc2[C@@H](CN(CC(=O)Nc3cc(ccc3Cl)C#N)Cc2c1)C(=O)Nc4cncc5ccccc45,79.1,0.0
402,PCM-0223461,Cc1cc(NC(=O)CN2C[C@@H](C(=O)Nc3cncc4ccccc34)c5ccc(Cl)cc5C2)c(Cl)cc1F,76.9,0.7
404,PCM-0223460,[O-][N+](=O)c1ccccc1N2CCN(CC2)C(=O)CN3C[C@@H](C(=O)Nc4cncc5ccccc45)c6ccc(Cl)cc6C3,67.5,0.4
406,PCM-0223459,Clc1ccc2[C@@H](CN(CC(=O)Nc3cc(Cl)ccc3Br)Cc2c1)C(=O)Nc4cncc5ccccc45,80.2,3.0
408,PCM-0223458,CCOc1ccccc1CNC(=O)CN2C[C@@H](C(=O)Nc3cncc4ccccc34)c5ccc(Cl)cc5C2,13.8,0.6
410,PCM-0223457,[O-][N+](=O)c1ccc(CNC(=O)CN2C[C@@H](C(=O)Nc3cncc4ccccc34)c5ccc(Cl)cc5C2)cc1,12.7,0.3
412,PCM-0223456,Fc1ccc(NC(=O)CN2C[C@@H](C(=O)Nc3cncc4ccccc34)c5ccc(Cl)cc5C2)c(Br)n1,83.3,0.2
414,PCM-0223455,Cc1ccc(Cl)cc1N2CCN(CC2)C(=O)CN3C[C@@H](C(=O)Nc4cncc5ccccc45)c6ccc(Cl)cc6C3,85.2,1.8
416,PCM-0223454,CN1CCN(C(C1)c2ccccc2)C(=O)CN3CC(C(=O)Nc4cncc5ccccc45)c6ccc(Cl)cc6C3,28.3,0.4
418,PCM-0223453,Fc1cc(NC(=O)CN2C[C@@H](C(=O)Nc3cncc4ccccc34)c5ccc(Cl)cc5C2)ccc1I,80.7,0.9
420,PCM-0223452,Clc1ccc2[C@@H](CN(CC(=O)NCc3ccc(Br)cc3)Cc2c1)C(=O)Nc4cncc5ccccc45,11.7,0.0
422,PCM-0223451,Clc1ccc2[C@@H](CN(CC(=O)N3CCN(CC3)c4ncccn4)Cc2c1)C(=O)Nc5cncc6ccccc56,77.8,0.7
424,PCM-0223450,COc1ccc(cc1)c2cc(NC(=O)CN3C[C@@H](C(=O)Nc4cncc5ccccc45)c6ccc(Cl)cc6C3)[nH]n2,66.5,0.2
426,PCM-0223449,OC[C@H]1O[C@H](C[C@@H]1O)N2C=CC(=NC2=O)NC(=O)CN3CC(C(=O)Nc4cncc5ccccc45)c6ccc(Cl)cc6C3,77.8,1.6
428,PCM-0223448,CC1=C(CN)C(=O)N(C(=O)CN2C[C@@H](C(=O)Nc3cncc4ccccc34)c5ccc(Cl)cc5C2)C(=C1)C,83.2,0.4
430,PCM-0223447,CC(NC(=O)CN1CC(C(=O)Nc2cncc3ccccc23)c4ccc(Cl)cc4C1)c5ccc(Br)cc5,5.2,0.1
432,PCM-0223446,Clc1ccc2[C@@H](CN(CC(=O)Nc3ccc4OCCOc4c3)Cc2c1)C(=O)Nc5cncc6ccccc56,25.6,0.2
434,PCM-0223445,Clc1ccc2[C@@H](CN(CC(=O)Nc3ccccc3Cc4ccccc4)Cc2c1)C(=O)Nc5cncc6ccccc56,31.3,0.1
436,PCM-0223444,Clc1ccc2[C@@H](CN(CC(=O)Nc3ccc(OCc4ccccc4)cc3)Cc2c1)C(=O)Nc5cncc6ccccc56,60.8,7.5
438,PCM-0223443,Oc1ccc(NC(=O)CN2C[C@@H](C(=O)Nc3cncc4ccccc34)c5ccc(Cl)cc5C2)c(c1)[N+](=O)[O-],72.2,4.4
440,PCM-0223442,Clc1ccc2[C@@H](CN(CC(=O)Nc3cccc(Cl)c3Br)Cc2c1)C(=O)Nc4cncc5ccccc45,82.5,0.3
442,PCM-0223441,COc1cc(NC(=O)CN2C[C@@H](C(=O)Nc3cncc4ccccc34)c5ccc(Cl)cc5C2)cc(OC)c1,82.9,0.3
444,PCM-0223440,FC(F)(F)Sc1ccc(NC(=O)CN2C[C@@H](C(=O)Nc3cncc4ccccc34)c5ccc(Cl)cc5C2)cc1,58.8,0.2
446,PCM-0223439,Oc1cc(Br)cnc1NC(=O)CN2C[C@@H](C(=O)Nc3cncc4ccccc34)c5ccc(Cl)cc5C2,53.6,1.3
448,PCM-0223438,Cc1cc(Br)cc(NC(=O)CN2C[C@@H](C(=O)Nc3cncc4ccccc34)c5ccc(Cl)cc5C2)c1,72.5,1.1
450,PCM-0223437,COc1cc(Cl)nc(NC(=O)CN2C[C@@H](C(=O)Nc3cncc4ccccc34)c5ccc(Cl)cc5C2)n1,82.1,2.5
452,PCM-0223436,COc1cc(Br)ccc1NC(=O)CN2C[C@@H](C(=O)Nc3cncc4ccccc34)c5ccc(Cl)cc5C2,70.1,2.9
454,PCM-0223435,Cc1ccc2nc(NC(=O)CN3C[C@@H](C(=O)Nc4cncc5ccccc45)c6ccc(Cl)cc6C3)sc2c1,82.2,2.5
456,PCM-0223434,Cc1cc(NC(=O)CN2C[C@@H](C(=O)Nc3cncc4ccccc34)c5ccc(Cl)cc5C2)ncc1I,80.6,1.6
458,PCM-0223433,FC(F)(F)Oc1cccc(NC(=O)CN2C[C@@H](C(=O)Nc3cncc4ccccc34)c5ccc(Cl)cc5C2)c1,74.5,3.1
460,PCM-0223432,COc1ncc(Br)cc1NC(=O)CN2C[C@@H](C(=O)Nc3cncc4ccccc34)c5ccc(Cl)cc5C2,78.7,3.1
462,PCM-0223431,Clc1ccc2[C@@H](CN(CC(=O)NC3=Nc4[nH]cnc4C(=O)N3)Cc2c1)C(=O)Nc5cncc6ccccc56,79.2,0.6
464,PCM-0223430,Fc1cc(CNC(=O)CN2C[C@@H](C(=O)Nc3cncc4ccccc34)c5ccc(Cl)cc5C2)cc(F)c1F,21.6,0.3
466,PCM-0223429,Clc1ccc2[C@@H](CN(CC(=O)Nc3cc(Cl)c(Br)cn3)Cc2c1)C(=O)Nc4cncc5ccccc45,83.6,1.4
468,PCM-0223428,CN(Cc1ccc(Cl)cc1)C(=O)CN2C[C@@H](C(=O)Nc3cncc4ccccc34)c5ccc(Cl)cc5C2,58.6,1.6
470,PCM-0223427,Clc1ccc2[C@@H](CN(CC(=O)NCc3ccccc3Br)Cc2c1)C(=O)Nc4cncc5ccccc45,20.2,0.5
472,PCM-0223426,Cc1cc(NC(=O)CN2C[C@@H](C(=O)Nc3cncc4ccccc34)c5ccc(Cl)cc5C2)c(F)cc1Br,77.3,0.5
474,PCM-0223425,Clc1ccc2[C@@H](CN(CC(=O)NCc3cc(Cl)cc(Cl)c3)Cc2c1)C(=O)Nc4cncc5ccccc45,11.7,0.5
476,PCM-0223424,Fc1ccc(Br)cc1NC(=O)CN2C[C@@H](C(=O)Nc3cncc4ccccc34)c5ccc(Cl)cc5C2,79.8,0.3
478,PCM-0223423,COc1ccccc1N2CCN(CC2)C(=O)CN3C[C@@H](C(=O)Nc4cncc5ccccc45)c6ccc(Cl)cc6C3,79.7,0.7
480,PCM-0223422,Clc1ccc2[C@@H](CN(CC(=O)Nc3cccc(Br)n3)Cc2c1)C(=O)Nc4cncc5ccccc45,82.2,0.3
482,PCM-0223421,Fc1c(Cl)cc(NC(=O)CN2C[C@@H](C(=O)Nc3cncc4ccccc34)c5ccc(Cl)cc5C2)cc1Cl,80.6,2.5
484,PCM-0223420,COc1c(Cl)cccc1NC(=O)CN2C[C@@H](C(=O)Nc3cncc4ccccc34)c5ccc(Cl)cc5C2,73.5,2.1
486,PCM-0223419,FC(F)(F)c1cnc(NC(=O)CN2C[C@@H](C(=O)Nc3cncc4ccccc34)c5ccc(Cl)cc5C2)c(Cl)c1,83.5,1.7
488,PCM-0223418,OC[C@H]1OC(O)[C@H](NC(=O)CN2CC(C(=O)Nc3cncc4ccccc34)c5ccc(Cl)cc5C2)[C@@H](O)[C@@H]1O,46.2,1.4
490,PCM-0223417,Cc1sc(NC(=O)CN2C[C@@H](C(=O)Nc3cncc4ccccc34)c5ccc(Cl)cc5C2)nc1c6ccc(Cl)cc6,73.3,1.7
492,PCM-0223416,COc1ccc(Cl)c(NC(=O)CN2C[C@@H](C(=O)Nc3cncc4ccccc34)c5ccc(Cl)cc5C2)c1,81.5,0.4
494,PCM-0223415,Clc1ccc2[C@@H](CN(CC(=O)N3CCN(CC3)c4nsc5ccccc45)Cc2c1)C(=O)Nc6cncc7ccccc67,79.8,3.0
496,PCM-0223414,CS(=O)(=O)c1ccc(O)c(NC(=O)CN2C[C@@H](C(=O)Nc3cncc4ccccc34)c5ccc(Cl)cc5C2)c1,41.6,0.6
498,PCM-0223413,Cc1ccc2cccc(NC(=O)CN3C[C@@H](C(=O)Nc4cncc5ccccc45)c6ccc(Cl)cc6C3)c2n1,78.2,0.2
500,PCM-0223412,Clc1ccc2[C@@H](CN(CC(=O)Nc3ccc4C(=O)NC(=O)c4c3)Cc2c1)C(=O)Nc5cncc6ccccc56,47.4,2.1
502,PCM-0223411,Clc1ccc2[C@@H](CN(CC(=O)NCc3ccc(I)cc3)Cc2c1)C(=O)Nc4cncc5ccccc45,16.2,0.7
504,PCM-0223410,CC(C)(C)OC(=O)[C@H]1CCCN1C(=O)CN2CC(C(=O)Nc3cncc4ccccc34)c5ccc(Cl)cc5C2,47.2,0.2
506,PCM-0223409,Clc1ccc2[C@@H](CN(CC(=O)NCc3ccc4OCOc4c3)Cc2c1)C(=O)Nc5cncc6ccccc56,14.6,0.4
508,PCM-0223408,FC(F)Oc1ccc(NC(=O)CN2C[C@@H](C(=O)Nc3cncc4ccccc34)c5ccc(Cl)cc5C2)cc1,24.6,0.5
510,PCM-0223407,Fc1cc(Br)c(NC(=O)CN2C[C@@H](C(=O)Nc3cncc4ccccc34)c5ccc(Cl)cc5C2)cc1F,80.5,0.7
512,PCM-0223406,CCCOc1ccc(NC(=O)CN2C[C@@H](C(=O)Nc3cncc4ccccc34)c5ccc(Cl)cc5C2)cc1,24.8,0.0
514,PCM-0223405,[O-][N+](=O)c1cc(ccc1NC(=O)CN2C[C@@H](C(=O)Nc3cncc4ccccc34)c5ccc(Cl)cc5C2)C(F)(F)F,82.5,1.2
516,PCM-0223404,COc1cc2c(oc3ccccc23)cc1NC(=O)CN4C[C@@H](C(=O)Nc5cncc6ccccc56)c7ccc(Cl)cc7C4,77.8,1.0
518,PCM-0223403,Cc1nc(Br)ccc1NC(=O)CN2C[C@@H](C(=O)Nc3cncc4ccccc34)c5ccc(Cl)cc5C2,79.7,0.6
520,PCM-0223402,Cc1cc(I)ccc1NC(=O)CN2C[C@@H](C(=O)Nc3cncc4ccccc34)c5ccc(Cl)cc5C2,84.8,2.0
522,PCM-0223401,FC(F)(F)c1ccc(Cl)c(NC(=O)CN2C[C@@H](C(=O)Nc3cncc4ccccc34)c5ccc(Cl)cc5C2)c1,80.9,2.1
524,PCM-0223400,Clc1ccc2[C@@H](CN(CC(=O)Nc3nc4cc(Cl)ccc4s3)Cc2c1)C(=O)Nc5cncc6ccccc56,82.4,2.3
526,PCM-0223399,Oc1ccc2cccc(NC(=O)CN3C[C@@H](C(=O)Nc4cncc5ccccc45)c6ccc(Cl)cc6C3)c2c1,45.1,1.0
528,PCM-0223398,Clc1ccc2[C@@H](CN(CC(=O)Nc3ccc(cc3)c4ccccn4)Cc2c1)C(=O)Nc5cncc6ccccc56,30.5,0.8
530,PCM-0223397,Cc1ccc2[nH]cc(CCNC(=O)CN3C[C@@H](C(=O)Nc4cncc5ccccc45)c6ccc(Cl)cc6C3)c2c1,9.9,0.4
532,PCM-0223396,Clc1ccc2[C@@H](CN(CC(=O)Nc3ccc4scnc4c3)Cc2c1)C(=O)Nc5cncc6ccccc56,15.2,0.8
534,PCM-0223395,Clc1ccc2[C@@H](CN(CC(=O)Nc3cncc(Br)c3)Cc2c1)C(=O)Nc4cncc5ccccc45,79.4,2.1
536,PCM-0223394,OC1(CCN(CC1)C(=O)CN2C[C@@H](C(=O)Nc3cncc4ccccc34)c5ccc(Cl)cc5C2)c6ccc(Cl)cc6,77.1,1.2
538,PCM-0223393,Clc1ccc2[C@@H](CN(CC(=O)Nc3c(Cl)cc(Cl)cc3Br)Cc2c1)C(=O)Nc4cncc5ccccc45,81.2,2.5
540,PCM-0223392,Clc1ccc2[C@@H](CN(CC(=O)NC(c3ccccc3)c4ccccc4)Cc2c1)C(=O)Nc5cncc6ccccc56,15.0,0.2
542,PCM-0223391,FC(F)(F)Oc1ccc(CNC(=O)CN2C[C@@H](C(=O)Nc3cncc4ccccc34)c5ccc(Cl)cc5C2)cc1,25.1,0.0
544,PCM-0223390,CC(C)c1nc(CN(C)C(=O)CN2C[C@@H](C(=O)Nc3cncc4ccccc34)c5ccc(Cl)cc5C2)cs1,49.7,1.1
546,PCM-0223389,CN1CCN(CC1)C2CCN(CC2)C(=O)CN3C[C@@H](C(=O)Nc4cncc5ccccc45)c6ccc(Cl)cc6C3,21.6,0.4
548,PCM-0223388,Clc1ccc(Oc2ccc(NC(=O)CN3C[C@@H](C(=O)Nc4cncc5ccccc45)c6ccc(Cl)cc6C3)cc2)cc1,84.4,0.7
550,PCM-0223387,Oc1ccc(cc1)N2CCN(CC2)C(=O)CN3C[C@@H](C(=O)Nc4cncc5ccccc45)c6ccc(Cl)cc6C3,74.1,0.1
552,PCM-0223386,Clc1ccc2[C@@H](CN(CC(=O)Nc3ccccc3Sc4ccccc4)Cc2c1)C(=O)Nc5cncc6ccccc56,80.3,1.5
554,PCM-0223385,Fc1c(Cl)c(Cl)ccc1NC(=O)CN2C[C@@H](C(=O)Nc3cncc4ccccc34)c5ccc(Cl)cc5C2,83.7,1.3
556,PCM-0223384,[O-][N+](=O)c1cccc(Cl)c1NC(=O)CN2C[C@@H](C(=O)Nc3cncc4ccccc34)c5ccc(Cl)cc5C2,80.4,1.1
558,PCM-0223383,Clc1ccc2[C@@H](CN(CC(=O)N3CCN(CCc4ccccc4)CC3)Cc2c1)C(=O)Nc5cncc6ccccc56,48.4,1.9
560,PCM-0223382,CSc1ncc(C#N)c(NC(=O)CN2C[C@@H](C(=O)Nc3cncc4ccccc34)c5ccc(Cl)cc5C2)n1,81.2,2.7
562,PCM-0223381,Clc1ccc2[C@@H](CN(CC(=O)Nc3ccc(Cl)c(Cl)c3)Cc2c1)C(=O)Nc4cncc5ccccc45,83.6,1.9
564,PCM-0223380,Clc1ccc2[C@@H](CN(CC(=O)Nc3ccncc3Br)Cc2c1)C(=O)Nc4cncc5ccccc45,82.3,0.5
566,PCM-0223379,Clc1ccc2C(CN(CC(=O)N3CCN(CC3)C(=O)C4COc5ccccc5O4)Cc2c1)C(=O)Nc6cncc7ccccc67,72.3,0.1
568,PCM-0223378,CN(C(c1ccccc1)c2ccccc2)C(=O)CN3C[C@@H](C(=O)Nc4cncc5ccccc45)c6ccc(Cl)cc6C3,65.4,0.5
570,PCM-0223377,FC(F)(F)c1ccc(CCNC(=O)CN2C[C@@H](C(=O)Nc3cncc4ccccc34)c5ccc(Cl)cc5C2)cc1,12.7,0.2
572,PCM-0223376,Clc1ccc2[C@@H](CN(CC(=O)Nc3ccccc3Oc4ccccc4)Cc2c1)C(=O)Nc5cncc6ccccc56,39.9,0.2
574,PCM-0223375,Clc1ccc2[C@@H](CN(CC(=O)Nc3ccc(I)cn3)Cc2c1)C(=O)Nc4cncc5ccccc45,86.2,1.8
576,PCM-0223374,CC12CC3CC(C)(C1)CC(C3)(C2)NC(=O)CN4CC(C(=O)Nc5cncc6ccccc56)c7ccc(Cl)cc7C4,37.8,3.3
578,PCM-0223373,Clc1ccc2[C@@H](CN(CC(=O)Nc3cccc(c3)N4CCOCC4)Cc2c1)C(=O)Nc5cncc6ccccc56,24.8,0.1
580,PCM-0223372,Fc1nc(F)c(Cl)c(NC(=O)CN2C[C@@H](C(=O)Nc3cncc4ccccc34)c5ccc(Cl)cc5C2)c1Cl,85.0,1.0
582,PCM-0223371,FC(F)(F)c1cc(CNC(=O)CN2C[C@@H](C(=O)Nc3cncc4ccccc34)c5ccc(Cl)cc5C2)ccc1Cl,34.1,0.4
584,PCM-0223370,Clc1ccc2[C@@H](CN(CC(=O)NCc3ccc(Oc4ccccc4)cc3)Cc2c1)C(=O)Nc5cncc6ccccc56,42.0,1.1
586,PCM-0223369,Clc1ccc2[C@@H](CN(CC(=O)N3CCC(Cc4ccccc4)CC3)Cc2c1)C(=O)Nc5cncc6ccccc56,77.6,1.9
588,PCM-0223368,FC(F)(F)COc1ccccc1NC(=O)CN2C[C@@H](C(=O)Nc3cncc4ccccc34)c5ccc(Cl)cc5C2,63.8,8.3
590,PCM-0223367,CCN(CC)S(=O)(=O)c1ccc(NC(=O)CN2C[C@@H](C(=O)Nc3cncc4ccccc34)c5ccc(Cl)cc5C2)cc1,87.0,1.3
592,PCM-0223366,CCN1CCN(CC1)c2ccc(NC(=O)CN3C[C@@H](C(=O)Nc4cncc5ccccc45)c6ccc(Cl)cc6C3)cc2,2.6,0.0
594,PCM-0223365,Clc1ccc2[C@@H](CN(CC(=O)Nc3ccc(C#N)c(Br)c3)Cc2c1)C(=O)Nc4cncc5ccccc45,82.6,0.7
596,PCM-0223364,FC(F)(F)c1ccc(NC(=O)CN2C[C@@H](C(=O)Nc3cncc4ccccc34)c5ccc(Cl)cc5C2)nc1,13.3,0.2
598,PCM-0223363,Fc1ccc(NC(=O)CN2C[C@@H](C(=O)Nc3cncc4ccccc34)c5ccc(Cl)cc5C2)c(c1)C(F)(F)F,86.2,0.1
